camera-full	2026-10-06T12:17:16Z	2026-10-06T12:17:31Z	0
camera-cancel	2026-10-06T12:17:31Z	2026-10-06T12:17:32Z	0
camera-kill	2026-10-06T12:17:32Z	2026-10-06T12:17:33Z	0
camera-underrun	2026-10-06T12:17:33Z	2026-10-06T12:17:35Z	0
camera-kill-device	2026-10-06T12:17:35Z	2026-10-06T12:17:36Z	0
camera-stall-device	2026-10-06T12:17:36Z	2026-10-06T12:17:38Z	0
camera-cancel-stalled-device	2026-10-06T12:17:38Z	2026-10-06T12:17:40Z	0
camera-prepare-cancel	2026-10-06T12:17:40Z	2026-10-06T12:17:41Z	0
camera-resume-device	2026-10-06T12:17:41Z	2026-10-06T12:17:43Z	0
six-full	2026-10-06T12:17:43Z	2026-10-06T12:17:47Z	0
six-cancel	2026-10-06T12:17:47Z	2026-10-06T12:17:48Z	0
six-kill	2026-10-06T12:17:48Z	2026-10-06T12:17:49Z	0
six-underrun	2026-10-06T12:17:49Z	2026-10-06T12:17:50Z	0
six-kill-device	2026-10-06T12:17:50Z	2026-10-06T12:17:50Z	0
six-stall-device	2026-10-06T12:17:50Z	2026-10-06T12:17:51Z	0
six-cancel-stalled-device	2026-10-06T12:17:51Z	2026-10-06T12:17:52Z	0
six-prepare-cancel	2026-10-06T12:17:52Z	2026-10-06T12:17:52Z	0
six-resume-device	2026-10-06T12:17:52Z	2026-10-06T12:17:54Z	0
